{"cameraMode":{"drawMode":0,"name":"Shaded","section":"Shading Mode"},"sceneLighting":false,"audioPlay":false,"sceneViewState":{"showFog":true,"showMaterialUpdate":true,"showSkybox":false,"showFlares":true,"showImageEffects":true,"showParticleSystems":true},"in2DMode":false,"pivot":{"x":1.360166311264038,"y":1.2761459350585938,"z":-0.39670610427856448},"rotation":{"x":-0.007156957406550646,"y":0.9701271057128906,"z":-0.24081219732761384,"w":-0.02882014773786068},"size":5.316201686859131,"orthographic":false}