{"cameraMode":{"drawMode":0,"name":"Shaded","section":"Shading Mode"},"sceneLighting":false,"audioPlay":false,"sceneViewState":{"showFog":true,"showMaterialUpdate":true,"showSkybox":false,"showFlares":true,"showImageEffects":true,"showParticleSystems":true},"in2DMode":false,"pivot":{"x":6.840000152587891,"y":0.7909998297691345,"z":-0.24614372849464417},"rotation":{"x":-0.007712638936936855,"y":0.9757516384124756,"z":-0.21595396101474763,"w":-0.03484823554754257},"size":7.7141642570495609,"orthographic":false}