{"cameraMode":{"drawMode":0,"name":"Shaded","section":"Shading Mode"},"sceneLighting":false,"audioPlay":false,"sceneViewState":{"showFog":true,"showMaterialUpdate":true,"showSkybox":false,"showFlares":true,"showImageEffects":true,"showParticleSystems":true},"in2DMode":false,"pivot":{"x":6.622166633605957,"y":0.6656451225280762,"z":0.10055923461914063},"rotation":{"x":0.03333755210042,"y":0.9636220932006836,"z":-0.22238527238368989,"w":0.14445564150810243},"size":7.7141642570495609,"orthographic":false}